rank,amfi_code,scheme_name,cagr_3Y,sharpe_ratio,alpha,expense_ratio_pct,max_drawdown,return_score,sharpe_score,alpha_score,expense_score,drawdown_score,final_score
1,148567,Mirae Asset Large Cap Fund - Regular - Growth,33.991970400445304,1.6374412727931267,0.2698375144191807,1.46,-0.11265729075028275,97.5,100.0,85.0,57.49999999999999,82.5,88.125
2,148569,Mirae Asset Tax Saver Fund - Regular - Growth,29.17135767741186,1.3677493476552898,0.2827036785246582,1.6,-0.1639674294693263,82.5,95.0,92.5,91.25,50.0,85.6875
3,120843,Kotak Flexicap Fund - Regular - Growth,29.57511058901836,1.4589078451065725,0.27330465038306057,1.45,-0.1297396816518679,85.0,97.5,90.0,55.00000000000001,70.0,83.125
4,119551,SBI Bluechip Fund - Regular Plan - Growth,30.448613060027817,1.3314911422389428,0.23201007160635082,1.54,-0.1501238549864533,87.5,92.5,77.5,76.25,60.0,82.3125
5,101206,ABSL Frontline Equity Fund - Regular - Growth,28.960211096593724,1.1069673098448296,0.21399784776051212,1.6,-0.11291596329323073,80.0,80.0,72.5,91.25,80.0,80.1875
6,149323,DSP Midcap Fund - Regular - Growth,26.863103668817146,1.2346087993759254,0.26598577542043045,1.61,-0.17248105753451382,75.0,87.5,82.5,95.0,47.5,79.875
7,100033,HDFC Mid-Cap Opportunities Fund - Regular - Growth,32.43397122906222,1.1843591118698746,0.2719535450128533,1.38,-0.16217208574644848,92.5,85.0,87.5,42.5,52.5,78.125
7,120505,ICICI Pru Midcap Fund - Regular - Growth,31.769242852237323,1.2965892692566354,0.2926358334175106,1.36,-0.18188513572116294,90.0,90.0,95.0,37.5,40.0,78.125
9,119094,Axis Midcap Fund - Regular - Growth,35.10252788903541,1.061593664010869,0.2607666908004223,1.38,-0.20960883862039192,100.0,75.0,80.0,42.5,32.5,74.375
10,120504,ICICI Pru Bluechip Fund - Direct - Growth,32.478927222623,1.1065013078923422,0.2119482701352573,0.8,-0.12588275606922517,95.0,77.5,70.0,30.0,72.5,73.625
11,149324,DSP Small Cap Fund - Regular - Growth,26.99350260734621,0.9861640817706759,0.3005787817097677,1.52,-0.31171900300634214,77.5,70.0,97.5,66.25,10.0,71.1875
12,118632,Nippon India Large Cap Fund - Regular - Growth,22.646647456747715,1.1744178338621243,0.21829397904608644,1.51,-0.17414075086657232,67.5,82.5,75.0,61.25000000000001,45.0,69.5625
13,119598,SBI Small Cap Fund - Regular Plan - Growth,26.66309129954312,0.9795542258744938,0.3033696538698332,1.43,-0.2870600572176455,72.5,65.0,100.0,52.5,12.5,67.125
14,102885,UTI Nifty 50 Index Fund - Regular - Growth,19.662361245910965,0.860071566249768,0.17048756803412696,1.57,-0.1085986215250232,57.49999999999999,60.0,55.00000000000001,85.0,85.0,64.5
15,102887,UTI Flexi Cap Fund - Regular - Growth,25.549670172502026,0.615895075535109,0.16211256794033255,1.64,-0.21539827112383225,70.0,45.0,50.0,98.75,27.500000000000004,59.8125
16,148568,Mirae Asset Emerging Bluechip Fund - Regular - Growth,14.744434832760533,0.981776822069829,0.20873010086942337,1.52,-0.1527259422823477,42.5,67.5,67.5,66.25,55.00000000000001,58.5625
17,125497,HDFC Top 100 Fund - Direct Plan - Growth,18.429918008610045,0.8040011661011207,0.17729754927531766,0.92,-0.15200013055606398,55.00000000000001,55.00000000000001,62.5,35.0,57.49999999999999,53.75
18,119552,SBI Bluechip Fund - Direct Plan - Growth,16.263375081360643,1.0184672749439498,0.1986859936686296,0.66,-0.11803493502764295,45.0,72.5,65.0,10.0,75.0,53.625
19,118635,Nippon India ETF Nifty 50 BeES,20.00321571698329,0.6822004088012276,0.1513635464823924,0.89,-0.1165062450540909,60.0,52.5,45.0,32.5,77.5,52.75
20,120503,ICICI Pru Bluechip Fund - Regular - Growth,13.974980348212673,0.8333661730515961,0.17703302365844073,1.42,-0.13897862823061635,40.0,57.49999999999999,60.0,50.0,67.5,52.625
21,149322,DSP Top 100 Equity Fund - Regular - Growth,18.03973982038829,0.44551522954529593,0.13173190226099432,1.54,-0.14844576917771746,50.0,40.0,42.5,76.25,62.5,51.1875
22,120841,Kotak Bluechip Fund - Regular - Growth,17.263014444437943,0.48488086635585487,0.13042924450705445,1.59,-0.1757361416468729,47.5,42.5,40.0,87.5,42.5,50.25
23,120506,ICICI Pru Value Discovery Fund - Regular - Growth,18.417429266835228,0.652598814060328,0.1625385327998104,1.41,-0.1982565826298267,52.5,47.5,52.5,47.5,35.0,48.75
24,118633,Nippon India Large Cap Fund - Direct - Growth,21.084691029380597,0.6545156567184499,0.15643835948169668,0.72,-0.18629743138595511,65.0,50.0,47.5,13.750000000000002,37.5,47.3125
25,118634,Nippon India Small Cap Fund - Regular - Growth,8.0060298597036,0.36672383223898997,0.1750072167561127,1.53,-0.2334488614483311,35.0,37.5,57.49999999999999,71.25,22.5,44.3125
26,120507,ICICI Pru Liquid Fund - Regular - Growth,7.392538786263403,0.9621978200760791,0.06746210411099539,0.74,-0.0009773140045925555,30.0,62.5,25.0,17.5,100.0,42.25
27,119093,Axis Bluechip Fund - Direct - Growth,20.8115598266319,0.07941632563939467,0.08232801295222093,0.75,-0.21751396370148224,62.5,30.0,32.5,20.0,25.0,38.25
28,120842,Kotak Emerging Equity Fund - Regular - Growth,7.75416750547262,-0.002277193647775677,0.0780443887615508,1.56,-0.24003511326274884,32.5,25.0,30.0,82.5,20.0,36.375
29,119092,Axis Bluechip Fund - Regular - Growth,0.5257668501786883,-0.025941468243930912,0.0689952982167755,1.64,-0.1440161790933726,12.5,22.5,27.500000000000004,98.75,65.0,36.1875
30,125498,HDFC Mid-Cap Opportunities Fund - Direct - Growth,11.242518737374208,0.23892861969172163,0.11989100971217971,0.78,-0.21117279560132118,37.5,32.5,37.5,25.0,30.0,33.625
31,120844,Kotak Liquid Fund - Regular - Growth,6.694394239074852,0.32146537866758584,0.06455677495375998,0.6,-0.0011629327956168556,27.500000000000004,35.0,22.5,7.5,97.5,32.375
32,101207,ABSL Small Cap Fund - Regular - Growth,-4.151453816140693,0.04458442223255971,0.10897091901704538,1.53,-0.3544691649336603,5.0,27.500000000000004,35.0,71.25,7.5,26.8125
33,119120,SBI Magnum Gilt Fund - Regular Plan - Growth,5.838988442093762,-0.20739200506522731,0.05620895216638369,0.77,-0.04328728923970093,22.5,15.0,17.5,22.5,90.0,26.375
33,101208,ABSL Liquid Fund - Regular - Growth,6.314299292105274,-0.44645868161721297,0.060861457957871144,0.79,-0.0016224980244717857,25.0,5.0,20.0,27.500000000000004,95.0,26.375
35,100016,HDFC Top 100 Fund - Regular Plan - Growth,1.2923525892154508,-0.27196012113715706,0.03747580763443281,1.55,-0.24734440880673303,15.0,12.5,5.0,80.0,17.5,22.375
36,118636,Nippon India Gilt Securities Fund - Regular - Growth,4.061259859840338,-0.3447830825954494,0.05074772999976104,0.55,-0.08316361763638702,20.0,7.5,15.0,2.5,87.5,20.0
37,100025,HDFC Short Term Debt Fund - Regular - Growth,3.9154793546847033,-0.5636899112317463,0.042817920315060876,0.56,-0.04308263824636349,17.5,2.5,7.5,5.0,92.5,17.375
38,102886,UTI Mid Cap Fund - Regular - Growth,-0.7672319440258146,-0.29609469806718336,0.02896939786637944,1.51,-0.2800112356639287,10.0,10.0,2.5,61.25000000000001,15.0,16.6875
39,119095,Axis Small Cap Fund - Regular - Growth,-11.703299329834216,-0.2007537121440212,0.04801595363775955,1.38,-0.5167775370852656,2.5,17.5,10.0,42.5,5.0,14.0
40,119599,SBI Small Cap Fund - Direct Plan - Growth,-1.337083602283895,-0.18109037554061264,0.048824215945539845,0.72,-0.5257422117012851,7.5,20.0,12.5,13.750000000000002,2.5,12.0625
